date,journal_page,source_url,reason,context
2025-01-07,4,https://www.rilegislature.gov/journals/housejournals/2025%20House%20Journals/01-07-2025.pdf,"Named candidate ballot, not a binary Yea/Nay vote","presentatives Roberts, Quattrocchi, Santucci, Place, Nardone, Paplauskas, Fascia, and Hopkins also
second the nomination.

The Honorable Marvin L. Abney asks if there are any other nominations.

There are no further nominations, and Majority Leader Blazejewski moves that nominations be closed,
seconded by Majority Whip Kazarian.

The motion to close nominations prevails, on a voice vote.

The election of Representative K. Joseph Shekarchi of District 23 in Warwick as Speaker of the House
for 2025-2026 prevails on a roll call vote, 62 members voting for Representative Shekarchi and 10
members voting for Minority Leader Chippendale as follows:

SHEKARCHI-62: Representatives Abney, Ackerman, Ajello, Alzate, Azzinaro, Batista, Bennett, Biah,
Blazejewski, Boylan, Brien, Caldwell, Carson, Casey, Casimiro, Cortvriend, Corvese, Costantino,
Cotter, Craven, Cruz, Dawson, DeSimone, Diaz, Donovan, Edwards, Felix, Fellela, Finkelman, Fogarty,
Furtado, Giraldo, Hull, Kazarian, Kennedy, Kislak, Knight, Lima, Lombardi, Marszalkowski, McEntee,
McGaw, McNamara, Messier, Morales, Noret, O'Brien, Perez, Phillips, Potter, Read, Serpa, Shallcross
Smith, Shanley, Shekarchi, Slater, Solomon, Speakman, Spears, Stewart, Tanzi, and Voas.

CHIPPENDALE-10: Representatives Chippendale, Fascia, Hopkins, Nardone, Newberry, Paplauskas,
Place, Quattrocchi, Roberts, and Santucci.

ABSENT-2: Representatives Baginski and Handy.

ABSTAIN-1: Representative Sanchez

The Chair declares the Honorable K. Joseph Shekarchi of District 23 in Warwick has been re-
elected Speaker of the House for 2025-2026.

                                         OATH OF OFFICE

The H"
2025-01-07,4,https://www.rilegislature.gov/journals/housejournals/2025%20House%20Journals/01-07-2025.pdf,"Named candidate ballot, not a binary Yea/Nay vote","hi and 10
members voting for Minority Leader Chippendale as follows:

SHEKARCHI-62: Representatives Abney, Ackerman, Ajello, Alzate, Azzinaro, Batista, Bennett, Biah,
Blazejewski, Boylan, Brien, Caldwell, Carson, Casey, Casimiro, Cortvriend, Corvese, Costantino,
Cotter, Craven, Cruz, Dawson, DeSimone, Diaz, Donovan, Edwards, Felix, Fellela, Finkelman, Fogarty,
Furtado, Giraldo, Hull, Kazarian, Kennedy, Kislak, Knight, Lima, Lombardi, Marszalkowski, McEntee,
McGaw, McNamara, Messier, Morales, Noret, O'Brien, Perez, Phillips, Potter, Read, Serpa, Shallcross
Smith, Shanley, Shekarchi, Slater, Solomon, Speakman, Spears, Stewart, Tanzi, and Voas.

CHIPPENDALE-10: Representatives Chippendale, Fascia, Hopkins, Nardone, Newberry, Paplauskas,
Place, Quattrocchi, Roberts, and Santucci.

ABSENT-2: Representatives Baginski and Handy.

ABSTAIN-1: Representative Sanchez

The Chair declares the Honorable K. Joseph Shekarchi of District 23 in Warwick has been re-
elected Speaker of the House for 2025-2026.

                                         OATH OF OFFICE

The House observes as The Honorable Supreme Court Justice Maureen McKenna Goldberg administers
the Oath of Office to the Honorable Speaker Shekarchi.

                                         NOW PRESIDING

The Honorable Marvin L. Abney yields the rostrum to the Honorable Speaker K. Joseph Shekarchi.

                                            ADDRESSES

The Honorable Speaker Shekarchi addresses the members of the House.

                   (For Speaker Shekarchi’s Address, see appendix of this Journal.)


                          ELECTION OF THE CLERK OF THE HOUSE

The Honora"
