chamber,district,candidate,party,status,report_period,document_urls,finance_url,latest_report_label
House,1,Edith H Ajello,DEM,Already on site,"September 2, 2026 to October 5, 2026",https://www.rhodeislandelectionsproject.org/data/finance-documents/edith-h-ajello-28-days-before-election-2026.pdf,https://www.rhodeislandelectionsproject.org/finance.html?slug=edith-h-ajello,2026 28-days-before-election
House,2,Christopher R Blazejewski,DEM,Already on site,"July 1, 2026 to October 5, 2026",https://www.rhodeislandelectionsproject.org/data/finance-documents/christopher-r-blazejewski-28-days-before-election-2026.pdf,https://www.rhodeislandelectionsproject.org/finance.html?slug=christopher-r-blazejewski,2026 28-days-before-election
House,3,Nathan W Biah,DEM,Already on site,"July 1, 2026 to October 5, 2026",https://www.rhodeislandelectionsproject.org/data/finance-documents/nathan-w-biah-28-days-before-election-2026.pdf,https://www.rhodeislandelectionsproject.org/finance.html?slug=nathan-w-biah,2026 28-days-before-election
House,4,Rebecca M Kislak,DEM,Already on site,"July 1, 2026 to October 5, 2026",https://www.rhodeislandelectionsproject.org/data/finance-documents/rebecca-m-kislak-28-days-before-election-2026.pdf,https://www.rhodeislandelectionsproject.org/finance.html?slug=rebecca-m-kislak,2026 28-days-before-election
House,5,Anthony J DeSimone,DEM,Already on site,"July 1, 2026 to October 5, 2026",https://www.rhodeislandelectionsproject.org/data/finance-documents/anthony-j-desimone-28-days-before-election-2026.pdf,https://www.rhodeislandelectionsproject.org/finance.html?slug=anthony-j-desimone,2026 28-days-before-election
House,5,Brittany M Kubicek,OTH,Already on site,"July 1, 2026 to October 5, 2026",https://www.rhodeislandelectionsproject.org/data/finance-documents/brittany-m-kubicek-28-days-before-election-2026.pdf,https://www.rhodeislandelectionsproject.org/finance.html?slug=brittany-m-kubicek,2026 28-days-before-election
House,6,Raymond A Hull,DEM,Already on site,"July 1, 2026 to October 5, 2026",https://www.rhodeislandelectionsproject.org/data/finance-documents/raymond-a-hull-28-days-before-election-2026.pdf,https://www.rhodeislandelectionsproject.org/finance.html?slug=raymond-a-hull,2026 28-days-before-election
House,7,Amy J Santiago,DEM,Already on site,"September 2, 2026 to October 5, 2026",https://www.rhodeislandelectionsproject.org/data/finance-documents/amy-j-santiago-28-days-before-election-2026.pdf,https://www.rhodeislandelectionsproject.org/finance.html?slug=amy-j-santiago,2026 28-days-before-election
House,7,Christopher L Ireland,REP,Already on site,"July 1, 2026 to October 5, 2026",https://www.rhodeislandelectionsproject.org/data/finance-documents/christopher-l-ireland-28-days-before-election-2026.pdf,https://www.rhodeislandelectionsproject.org/finance.html?slug=christopher-l-ireland,2026 28-days-before-election
House,8,John Joseph Lombardi,DEM,Already on site,"July 1, 2026 to October 5, 2026",https://www.rhodeislandelectionsproject.org/data/finance-documents/john-joseph-lombardi-28-days-before-election-2026.pdf,https://www.rhodeislandelectionsproject.org/finance.html?slug=john-joseph-lombardi,2026 28-days-before-election
House,9,Enrique George Sanchez,DEM,Not on site,"April 1, 2026 to June 30, 2026",,https://www.rhodeislandelectionsproject.org/finance.html?slug=enrique-george-sanchez,2026 On-Going Qrtly (2nd)
House,10,Scott A Slater,DEM,Already on site,"July 1, 2026 to October 5, 2026",https://www.rhodeislandelectionsproject.org/data/finance-documents/scott-a-slater-28-days-before-election-2026.pdf,https://www.rhodeislandelectionsproject.org/finance.html?slug=scott-a-slater,2026 28-days-before-election
House,11,Grace Diaz,DEM,Already on site,"July 1, 2026 to October 5, 2026",https://www.rhodeislandelectionsproject.org/data/finance-documents/grace-diaz-28-days-before-election-2026.pdf,https://www.rhodeislandelectionsproject.org/finance.html?slug=grace-diaz,2026 28-days-before-election
House,12,Arlette Hidalgo,DEM,Already on site,"September 2, 2026 to October 5, 2026",https://www.rhodeislandelectionsproject.org/data/finance-documents/arlette-hidalgo-28-days-before-election-2026.pdf,https://www.rhodeislandelectionsproject.org/finance.html?slug=arlette-hidalgo,2026 28-days-before-election
House,13,Derick A Reels,REP,Not on site,,,https://www.rhodeislandelectionsproject.org/finance.html?slug=derick-a-reels,No financial summary details found
House,13,Ramon Perez,DEM,Already on site,"July 1, 2026 to October 5, 2026",https://www.rhodeislandelectionsproject.org/data/finance-documents/ramon-perez-28-days-before-election-2026.pdf,https://www.rhodeislandelectionsproject.org/finance.html?slug=ramon-perez,2026 28-days-before-election
House,14,Charlene M Lima,DEM,Already on site,"September 2, 2026 to October 5, 2026",https://www.rhodeislandelectionsproject.org/data/finance-documents/charlene-m-lima-28-days-before-election-2026.pdf,https://www.rhodeislandelectionsproject.org/finance.html?slug=charlene-m-lima,2026 28-days-before-election
House,15,Allan W Fung,IND,Already on site,"June 22, 2026 to October 5, 2026",https://www.rhodeislandelectionsproject.org/data/finance-documents/allan-w-fung-28-days-before-election-2026.pdf,https://www.rhodeislandelectionsproject.org/finance.html?slug=allan-w-fung,2026 28-days-before-election
House,15,Christopher G Paplauskas,REP,Already on site,"July 1, 2026 to October 5, 2026",https://www.rhodeislandelectionsproject.org/data/finance-documents/christopher-g-paplauskas-28-days-before-election-2026.pdf,https://www.rhodeislandelectionsproject.org/finance.html?slug=christopher-g-paplauskas,2026 28-days-before-election
House,15,Colleen M Crudele,DEM,Already on site,"June 22, 2026 to October 5, 2026",https://www.rhodeislandelectionsproject.org/data/finance-documents/colleen-m-crudele-28-days-before-election-2026.pdf,https://www.rhodeislandelectionsproject.org/finance.html?slug=colleen-m-crudele,2026 28-days-before-election
House,16,Brandon Potter,DEM,Already on site,"July 1, 2026 to October 5, 2026",https://www.rhodeislandelectionsproject.org/data/finance-documents/brandon-potter-28-days-before-election-2026.pdf,https://www.rhodeislandelectionsproject.org/finance.html?slug=brandon-potter,2026 28-days-before-election
House,17,Jacquelyn Baginski,DEM,Already on site,"July 1, 2026 to October 5, 2026",https://www.rhodeislandelectionsproject.org/data/finance-documents/jacquelyn-baginski-28-days-before-election-2026.pdf,https://www.rhodeislandelectionsproject.org/finance.html?slug=jacquelyn-baginski,2026 28-days-before-election
House,18,Arthur Handy,DEM,Already on site,"July 1, 2026 to October 5, 2026",https://www.rhodeislandelectionsproject.org/data/finance-documents/arthur-handy-28-days-before-election-2026.pdf,https://www.rhodeislandelectionsproject.org/finance.html?slug=arthur-handy,2026 28-days-before-election
House,18,Jessica Gomes,REP,Already on site,"July 1, 2026 to October 5, 2026",https://www.rhodeislandelectionsproject.org/data/finance-documents/jessica-gomes-28-days-before-election-2026.pdf,https://www.rhodeislandelectionsproject.org/finance.html?slug=jessica-gomes,2026 28-days-before-election
House,19,Joseph McNamara,DEM,Already on site,"July 1, 2026 to October 5, 2026",https://www.rhodeislandelectionsproject.org/data/finance-documents/joseph-mcnamara-28-days-before-election-2026.pdf,https://www.rhodeislandelectionsproject.org/finance.html?slug=joseph-mcnamara,2026 28-days-before-election
House,19,Patrick E Maloney Jr,IND,Not on site,,,,No finance record
House,20,David A Bennett,DEM,Already on site,"July 1, 2026 to October 5, 2026",https://www.rhodeislandelectionsproject.org/data/finance-documents/david-a-bennett-28-days-before-election-2026.pdf,https://www.rhodeislandelectionsproject.org/finance.html?slug=david-a-bennett,2026 28-days-before-election
House,21,Marie A Hopkins,REP,Already on site,"July 1, 2026 to October 5, 2026",https://www.rhodeislandelectionsproject.org/data/finance-documents/marie-a-hopkins-28-days-before-election-2026.pdf,https://www.rhodeislandelectionsproject.org/finance.html?slug=marie-a-hopkins,2026 28-days-before-election
House,22,Barbara Quigley,REP,Already on site,"July 1, 2026 to October 5, 2026",https://www.rhodeislandelectionsproject.org/data/finance-documents/barbara-quigley-2026-10-05-updated.pdf,https://www.rhodeislandelectionsproject.org/finance.html?slug=barbara-quigley,2026 28-days-before-election · updated filing
House,22,Zakary J Pereira,DEM,Already on site,"September 2, 2026 to October 5, 2026",https://www.rhodeislandelectionsproject.org/data/finance-documents/zakary-j-pereira-28-days-before-election-2026.pdf,https://www.rhodeislandelectionsproject.org/finance.html?slug=zakary-j-pereira,2026 28-days-before-election
House,23,Dana James Traversie,REP,Already on site,"July 1, 2026 to October 5, 2026",https://www.rhodeislandelectionsproject.org/data/finance-documents/dana-james-traversie-28-days-before-election-2026.pdf,https://www.rhodeislandelectionsproject.org/finance.html?slug=dana-james-traversie,2026 28-days-before-election
House,23,William Muto,DEM,Already on site,"September 2, 2026 to October 5, 2026",https://www.rhodeislandelectionsproject.org/data/finance-documents/william-muto-28-days-before-election-2026.pdf,https://www.rhodeislandelectionsproject.org/finance.html?slug=william-muto,2026 28-days-before-election
House,24,Evan Patrick Shanley,DEM,Already on site,"July 1, 2026 to October 5, 2026",https://www.rhodeislandelectionsproject.org/data/finance-documents/evan-patrick-shanley-28-days-before-election-2026.pdf,https://www.rhodeislandelectionsproject.org/finance.html?slug=evan-patrick-shanley,2026 28-days-before-election
House,25,Thomas E Noret,DEM,Already on site,"July 1, 2026 to October 5, 2026",https://www.rhodeislandelectionsproject.org/data/finance-documents/thomas-e-noret-28-days-before-election-2026.pdf,https://www.rhodeislandelectionsproject.org/finance.html?slug=thomas-e-noret,2026 28-days-before-election
House,26,Earl A Read III,DEM,Not on site,6/30/2026,,https://www.rhodeislandelectionsproject.org/finance.html?slug=earl-a-read-iii,6/30/2026
House,27,Angela S Coburn,DEM,Not on site,"April 1, 2026 to June 30, 2026",,https://www.rhodeislandelectionsproject.org/finance.html?slug=angela-s-coburn,Q2 2026 campaign finance filing
House,27,Lawrence Paul Almagno Jr,REP,Not on site,6/30/2026,,https://www.rhodeislandelectionsproject.org/finance.html?slug=lawrence-paul-almagno-jr,6/30/2026
House,28,George A Nardone,REP,Not on site,6/30/2026,,https://www.rhodeislandelectionsproject.org/finance.html?slug=george-a-nardone,6/30/2026
House,29,Sherry L Roberts,REP,Not on site,"April 1, 2026 to June 30, 2026",,https://www.rhodeislandelectionsproject.org/finance.html?slug=sherry-l-roberts,Q2 2026 campaign finance filing
House,30,Justine Caldwell,DEM,Not on site,6/30/2026,,https://www.rhodeislandelectionsproject.org/finance.html?slug=justine-caldwell,6/30/2026
House,31,James C Sheehan,DEM,Already on site,"September 2, 2026 to October 5, 2026",https://www.rhodeislandelectionsproject.org/data/finance-documents/james-c-sheehan-2026-10-05-28-day.pdf,https://www.rhodeislandelectionsproject.org/finance.html?slug=james-c-sheehan,28-days-before-election report · 2026
House,32,Robert E Craven Jr,DEM,Already on site,"September 2, 2026 to October 5, 2026",https://www.rhodeislandelectionsproject.org/data/finance-documents/robert-e-craven-jr-2026-10-05-28-day.pdf,https://www.rhodeislandelectionsproject.org/finance.html?slug=robert-e-craven-jr,28-days-before-election report · 2026
House,33,Carol Hagan McEntee,DEM,Already on site,"July 1, 2026 to October 5, 2026",https://www.rhodeislandelectionsproject.org/data/finance-documents/carol-hagan-mcentee-2026-10-05-28-day.pdf,https://www.rhodeislandelectionsproject.org/finance.html?slug=carol-hagan-mcentee,28-days-before-election report · 2026
House,33,Jessica Drew Day,REP,Already on site,"July 1, 2026 to October 5, 2026",https://www.rhodeislandelectionsproject.org/data/finance-documents/jessica-drew-day-2026-10-05-28-day.pdf,https://www.rhodeislandelectionsproject.org/finance.html?slug=jessica-drew-day,28-days-before-election report · 2026
House,34,Teresa A Tanzi,DEM,Not on site,6/30/2026,,https://www.rhodeislandelectionsproject.org/finance.html?slug=teresa-a-tanzi,6/30/2026
House,35,Jennifer P Nerbonne,REP,Not on site,"April 1, 2026 to June 30, 2026",,https://www.rhodeislandelectionsproject.org/finance.html?slug=jennifer-p-nerbonne,Q2 2026 campaign finance filing
House,35,Kathleen A Fogarty,DEM,Not on site,6/30/2026,,https://www.rhodeislandelectionsproject.org/finance.html?slug=kathleen-a-fogarty,6/30/2026
House,36,Tina L Spears,DEM,Already on site,"September 2, 2026 to October 5, 2026",https://www.rhodeislandelectionsproject.org/data/finance-documents/tina-l-spears-2026-10-05-28-day.pdf,https://www.rhodeislandelectionsproject.org/finance.html?slug=tina-l-spears,28-days-before-election report · 2026
House,37,Christopher M Stanton,REP,Not on site,,,https://www.rhodeislandelectionsproject.org/finance.html?slug=christopher-m-stanton,No financial summary details found
House,37,Samuel Angelo Azzinaro,DEM,Already on site,"July 1, 2026 to October 5, 2026",https://www.rhodeislandelectionsproject.org/data/finance-documents/samuel-angelo-azzinaro-2026-10-05-28-day.pdf,https://www.rhodeislandelectionsproject.org/finance.html?slug=samuel-angelo-azzinaro,28-days-before-election report · 2026
House,38,Brian Patrick Kennedy,DEM,Already on site,"September 2, 2026 to October 5, 2026",https://www.rhodeislandelectionsproject.org/data/finance-documents/brian-patrick-kennedy-2026-10-05-28-day.pdf,https://www.rhodeislandelectionsproject.org/finance.html?slug=brian-patrick-kennedy,28-days-before-election report · 2026
House,39,Jasmin Roy,REP,Not on site,6/30/2026,,https://www.rhodeislandelectionsproject.org/finance.html?slug=jasmin-roy,6/30/2026
House,39,Megan L Cotter,DEM,Already on site,"July 1, 2026 to October 5, 2026",https://www.rhodeislandelectionsproject.org/data/finance-documents/megan-l-cotter-2026-10-05-28-day.pdf,https://www.rhodeislandelectionsproject.org/finance.html?slug=megan-l-cotter,28-days-before-election report · 2026
House,40,Michael Chippendale,REP,Already on site,"July 1, 2026 to October 5, 2026",https://www.rhodeislandelectionsproject.org/data/finance-documents/michael-chippendale-2026-10-05-28-day.pdf,https://www.rhodeislandelectionsproject.org/finance.html?slug=michael-chippendale,28-days-before-election report · 2026
House,41,Michael J Riley,REP,Already on site,"June 22, 2026 to October 5, 2026",https://www.rhodeislandelectionsproject.org/data/finance-documents/michael-j-riley-2026-10-05-28-day.pdf,https://www.rhodeislandelectionsproject.org/finance.html?slug=michael-j-riley,28-days-before-election report · 2026
House,41,Shaina N Smith,DEM,Already on site,"July 1, 2026 to October 5, 2026",https://www.rhodeislandelectionsproject.org/data/finance-documents/shaina-n-smith-2026-10-05-28-day.pdf,https://www.rhodeislandelectionsproject.org/finance.html?slug=shaina-n-smith,28-days-before-election report · 2026
House,42,Edward W Stravato,DEM,Already on site,"July 1, 2026 to October 5, 2026",https://www.rhodeislandelectionsproject.org/data/finance-documents/edward-w-stravato-2026-10-05-28-day.pdf,https://www.rhodeislandelectionsproject.org/finance.html?slug=edward-w-stravato,28-days-before-election report · 2026
House,42,Richard R Fascia,REP,Already on site,"July 1, 2026 to October 5, 2026",https://www.rhodeislandelectionsproject.org/data/finance-documents/richard-r-fascia-2026-10-05-28-day.pdf,https://www.rhodeislandelectionsproject.org/finance.html?slug=richard-r-fascia,28-days-before-election report · 2026
House,43,Deborah A Fellela,DEM,Already on site,"July 1, 2026 to October 5, 2026",https://www.rhodeislandelectionsproject.org/data/finance-documents/deborah-a-fellela-2026-10-05-28-day.pdf,https://www.rhodeislandelectionsproject.org/finance.html?slug=deborah-a-fellela,28-days-before-election report · 2026
House,44,Gregory Costantino,DEM,Already on site,"July 1, 2026 to October 5, 2026",https://www.rhodeislandelectionsproject.org/data/finance-documents/gregory-costantino-2026-10-05-28-day.pdf,https://www.rhodeislandelectionsproject.org/finance.html?slug=gregory-costantino,28-days-before-election report · 2026
House,44,Joseph Hosey,REP,Already on site,"July 1, 2026 to October 5, 2026",https://www.rhodeislandelectionsproject.org/data/finance-documents/joseph-hosey-2026-10-05-28-day.pdf,https://www.rhodeislandelectionsproject.org/finance.html?slug=joseph-hosey,28-days-before-election report · 2026
House,45,Mia A Ackerman,DEM,Already on site,"July 1, 2026 to October 5, 2026",https://www.rhodeislandelectionsproject.org/data/finance-documents/mia-a-ackerman-2026-10-05-28-day.pdf,https://www.rhodeislandelectionsproject.org/finance.html?slug=mia-a-ackerman,28-days-before-election report · 2026
House,46,Mary Ann Shallcross Smith,DEM,Already on site,"July 1, 2026 to October 5, 2026",https://www.rhodeislandelectionsproject.org/data/finance-documents/mary-ann-shallcross-smith-2026-10-05-28-day.pdf,https://www.rhodeislandelectionsproject.org/finance.html?slug=mary-ann-shallcross-smith,28-days-before-election report · 2026
House,47,David J Place,REP,Already on site,"July 1, 2026 to October 5, 2026",https://www.rhodeislandelectionsproject.org/data/finance-documents/david-j-place-2026-10-05-28-day.pdf,https://www.rhodeislandelectionsproject.org/finance.html?slug=david-j-place,28-days-before-election report · 2026
House,48,Brian C Newberry,REP,Already on site,"July 1, 2026 to October 5, 2026",https://www.rhodeislandelectionsproject.org/data/finance-documents/brian-c-newberry-2026-10-05-28-day.pdf,https://www.rhodeislandelectionsproject.org/finance.html?slug=brian-c-newberry,28-days-before-election report · 2026
House,49,Jon D Brien,IND,Already on site,"July 1, 2026 to October 5, 2026",https://www.rhodeislandelectionsproject.org/data/finance-documents/jon-d-brien-2026-10-05-28-day.pdf,https://www.rhodeislandelectionsproject.org/finance.html?slug=jon-d-brien,28-days-before-election report · 2026
House,49,Veronicka Vega,DEM,Already on site,"July 1, 2026 to October 5, 2026",https://www.rhodeislandelectionsproject.org/data/finance-documents/veronicka-vega-2026-10-05-28-day.pdf,https://www.rhodeislandelectionsproject.org/finance.html?slug=veronicka-vega,28-days-before-election report · 2026
House,50,Stephen Casey,DEM,Already on site,"July 1, 2026 to October 5, 2026",https://www.rhodeislandelectionsproject.org/data/finance-documents/stephen-casey-2026-10-05-28-day.pdf,https://www.rhodeislandelectionsproject.org/finance.html?slug=stephen-casey,28-days-before-election report · 2026
House,51,Robert D Phillips,DEM,Already on site,"July 1, 2026 to October 5, 2026",https://www.rhodeislandelectionsproject.org/data/finance-documents/robert-d-phillips-2026-10-05-28-day.pdf,https://www.rhodeislandelectionsproject.org/finance.html?slug=robert-d-phillips,28-days-before-election report · 2026
House,52,Alex D Marszalkowski,DEM,Already on site,"July 1, 2026 to October 5, 2026",https://www.rhodeislandelectionsproject.org/data/finance-documents/alex-d-marszalkowski-2026-10-05-28-day.pdf,https://www.rhodeislandelectionsproject.org/finance.html?slug=alex-d-marszalkowski,28-days-before-election report · 2026
House,53,Paul M Santucci,REP,Already on site,"July 1, 2026 to October 5, 2026",https://www.rhodeislandelectionsproject.org/data/finance-documents/paul-m-santucci-2026-10-05-28-day.pdf,https://www.rhodeislandelectionsproject.org/finance.html?slug=paul-m-santucci,28-days-before-election report · 2026
House,53,Suzanna L Alba,DEM,Already on site,"July 1, 2026 to October 5, 2026",https://www.rhodeislandelectionsproject.org/data/finance-documents/suzanna-l-alba-2026-10-05-28-day.pdf,https://www.rhodeislandelectionsproject.org/finance.html?slug=suzanna-l-alba,28-days-before-election report · 2026
House,54,William W O'Brien,DEM,Already on site,"July 1, 2026 to October 5, 2026",https://www.rhodeislandelectionsproject.org/data/finance-documents/william-w-o-brien-2026-10-05-28-day.pdf,https://www.rhodeislandelectionsproject.org/finance.html?slug=william-w-o-brien,28-days-before-election report · 2026
House,55,Arthur J Corvese,DEM,Already on site,"July 1, 2026 to October 5, 2026",https://www.rhodeislandelectionsproject.org/data/finance-documents/arthur-j-corvese-2026-10-05-28-day.pdf,https://www.rhodeislandelectionsproject.org/finance.html?slug=arthur-j-corvese,28-days-before-election report · 2026
House,56,Joshua J Giraldo,DEM,Not on site,6/30/2026,,https://www.rhodeislandelectionsproject.org/finance.html?slug=joshua-j-giraldo,6/30/2026
House,57,Brandon T Voas,DEM,Already on site,"September 2, 2026 to October 5, 2026",https://www.rhodeislandelectionsproject.org/data/finance-documents/brandon-t-voas-2026-10-05-28-day.pdf,https://www.rhodeislandelectionsproject.org/finance.html?slug=brandon-t-voas,28-days-before-election report · 2026
House,58,Cherie L Cruz,DEM,Already on site,"July 1, 2026 to October 5, 2026",https://www.rhodeislandelectionsproject.org/data/finance-documents/cherie-l-cruz-2026-10-05-28-day.pdf,https://www.rhodeislandelectionsproject.org/finance.html?slug=cherie-l-cruz,28-days-before-election report · 2026
House,59,Jennifer A Stewart,DEM,Already on site,"July 1, 2026 to October 5, 2026",https://www.rhodeislandelectionsproject.org/data/finance-documents/jennifer-a-stewart-2026-10-05-28-day.pdf,https://www.rhodeislandelectionsproject.org/finance.html?slug=jennifer-a-stewart,28-days-before-election report · 2026
House,60,Karen Alzate,DEM,Already on site,"July 1, 2026 to October 5, 2026",https://www.rhodeislandelectionsproject.org/data/finance-documents/karen-alzate-2026-10-05-28-day.pdf,https://www.rhodeislandelectionsproject.org/finance.html?slug=karen-alzate,28-days-before-election report · 2026
House,61,Leonela Felix,DEM,Already on site,"September 2, 2026 to October 5, 2026",https://www.rhodeislandelectionsproject.org/data/finance-documents/leonela-felix-2026-10-05-28-day.pdf,https://www.rhodeislandelectionsproject.org/finance.html?slug=leonela-felix,28-days-before-election report · 2026
House,62,Mary Duffy Messier,DEM,Already on site,"July 1, 2026 to October 5, 2026",https://www.rhodeislandelectionsproject.org/data/finance-documents/mary-duffy-messier-2026-10-05-28-day.pdf,https://www.rhodeislandelectionsproject.org/finance.html?slug=mary-duffy-messier,28-days-before-election report · 2026
House,63,Katherine Sheena Kazarian,DEM,Already on site,"July 1, 2026 to October 5, 2026",https://www.rhodeislandelectionsproject.org/data/finance-documents/katherine-sheena-kazarian-2026-10-05-28-day.pdf,https://www.rhodeislandelectionsproject.org/finance.html?slug=katherine-sheena-kazarian,28-days-before-election report · 2026
House,64,Jenni A Furtado,DEM,Already on site,"July 1, 2026 to October 5, 2026",https://www.rhodeislandelectionsproject.org/data/finance-documents/jenni-a-furtado-2026-10-05-28-day.pdf,https://www.rhodeislandelectionsproject.org/finance.html?slug=jenni-a-furtado,28-days-before-election report · 2026
House,65,Matthew Dawson,DEM,Already on site,"September 2, 2026 to October 5, 2026",https://www.rhodeislandelectionsproject.org/data/finance-documents/matthew-dawson-2026-10-05-28-day.pdf,https://www.rhodeislandelectionsproject.org/finance.html?slug=matthew-dawson,28-days-before-election report · 2026
House,66,Jennifer Smith Boylan,DEM,Already on site,"July 1, 2026 to October 5, 2026",https://www.rhodeislandelectionsproject.org/data/finance-documents/jennifer-smith-boylan-2026-10-05-28-day.pdf,https://www.rhodeislandelectionsproject.org/finance.html?slug=jennifer-smith-boylan,28-days-before-election report · 2026
House,67,Joseph A DePasquale,IND,Not on site,,,,No finance record
House,67,Nicole P Jellinek,DEM,Already on site,"September 2, 2026 to October 5, 2026",https://www.rhodeislandelectionsproject.org/data/finance-documents/nicole-p-jellinek-2026-10-05-28-day.pdf,https://www.rhodeislandelectionsproject.org/finance.html?slug=nicole-p-jellinek,28-days-before-election report · 2026
House,68,June S Speakman,DEM,Already on site,"July 1, 2026 to October 5, 2026",https://www.rhodeislandelectionsproject.org/data/finance-documents/june-s-speakman-2026-10-05-28-day.pdf,https://www.rhodeislandelectionsproject.org/finance.html?slug=june-s-speakman,28-days-before-election report · 2026
House,69,Susan Ann Donovan,DEM,Already on site,"July 1, 2026 to October 5, 2026",https://www.rhodeislandelectionsproject.org/data/finance-documents/susan-ann-donovan-2026-10-05-28-day.pdf,https://www.rhodeislandelectionsproject.org/finance.html?slug=susan-ann-donovan,28-days-before-election report · 2026
House,70,John G Edwards,DEM,Already on site,"July 1, 2026 to October 5, 2026",https://www.rhodeislandelectionsproject.org/data/finance-documents/john-g-edwards-2026-10-05-28-day.pdf,https://www.rhodeislandelectionsproject.org/finance.html?slug=john-g-edwards,28-days-before-election report · 2026
House,71,Michelle E McGaw,DEM,Already on site,"July 1, 2026 to October 5, 2026",https://www.rhodeislandelectionsproject.org/data/finance-documents/michelle-e-mcgaw-2026-10-05-28-day.pdf,https://www.rhodeislandelectionsproject.org/finance.html?slug=michelle-e-mcgaw,28-days-before-election report · 2026
House,72,Terri-Denise Cortvriend,DEM,Already on site,"July 1, 2026 to October 5, 2026",https://www.rhodeislandelectionsproject.org/data/finance-documents/terri-denise-cortvriend-2026-10-05-28-day.pdf,https://www.rhodeislandelectionsproject.org/finance.html?slug=terri-denise-cortvriend,28-days-before-election report · 2026
House,73,Marvin Abney,DEM,Already on site,"July 1, 2026 to October 5, 2026",https://www.rhodeislandelectionsproject.org/data/finance-documents/marvin-abney-2026-10-05-28-day.pdf,https://www.rhodeislandelectionsproject.org/finance.html?slug=marvin-abney,28-days-before-election report · 2026
House,74,Alex Finkelman,DEM,Already on site,"July 1, 2026 to October 5, 2026",https://www.rhodeislandelectionsproject.org/data/finance-documents/alex-finkelman-2026-10-05-28-day.pdf,https://www.rhodeislandelectionsproject.org/finance.html?slug=alex-finkelman,28-days-before-election report · 2026
House,75,Lauren H Carson,DEM,Already on site,"July 1, 2026 to October 5, 2026",https://www.rhodeislandelectionsproject.org/data/finance-documents/lauren-h-carson-2026-10-05-28-day.pdf,https://www.rhodeislandelectionsproject.org/finance.html?slug=lauren-h-carson,28-days-before-election report · 2026
Senate,1,Jacob Bissaillon,DEM,Not on site,"April 1, 2026 to June 30, 2026",,https://www.rhodeislandelectionsproject.org/finance.html?slug=jacob-bissaillon,Q2 2026 campaign finance filing
Senate,2,Ana B Quezada,DEM,Not on site,"January 1, 2026 to March 31, 2026",,https://www.rhodeislandelectionsproject.org/finance.html?slug=ana-b-quezada,Q1 2026 campaign finance filing
Senate,3,Samuel D Zurier,DEM,Not on site,"April 1, 2026 to June 30, 2026",,https://www.rhodeislandelectionsproject.org/finance.html?slug=samuel-d-zurier,Q2 2026 campaign finance filing
Senate,4,Stefano V Famiglietti,DEM,Not on site,"April 1, 2026 to June 30, 2026",,https://www.rhodeislandelectionsproject.org/finance.html?slug=stefano-v-famiglietti,Q2 2026 campaign finance filing
Senate,5,Samuel W Bell,DEM,Not on site,"April 1, 2026 to June 30, 2026",,https://www.rhodeislandelectionsproject.org/finance.html?slug=samuel-w-bell,Q2 2026 campaign finance filing
Senate,5,William D Connell Jr,REP,Not on site,"April 1, 2026 to June 30, 2026",,https://www.rhodeislandelectionsproject.org/finance.html?slug=william-d-connell-jr,Q2 2026 campaign finance filing
Senate,6,Tiara T Mack,DEM,Not on site,"April 1, 2026 to June 30, 2026",,https://www.rhodeislandelectionsproject.org/finance.html?slug=tiara-t-mack,Q2 2026 campaign finance filing
Senate,7,Frank A Ciccone,DEM,Not on site,"April 1, 2026 to June 30, 2026",,https://www.rhodeislandelectionsproject.org/finance.html?slug=frank-a-ciccone,Q2 2026 campaign finance filing
Senate,8,Lori Urso,DEM,Not on site,"April 1, 2026 to June 30, 2026",,https://www.rhodeislandelectionsproject.org/finance.html?slug=lori-urso,Q2 2026 campaign finance filing
Senate,9,John Burke,DEM,Not on site,"April 1, 2026 to June 30, 2026",,https://www.rhodeislandelectionsproject.org/finance.html?slug=john-burke,Q2 2026 campaign finance filing
Senate,10,Walter S Felag Jr,DEM,Not on site,"April 1, 2026 to June 30, 2026",,https://www.rhodeislandelectionsproject.org/finance.html?slug=walter-s-felag-jr,Q2 2026 campaign finance filing
Senate,11,Linda L Ujifusa,DEM,Not on site,"April 1, 2026 to June 30, 2026",,https://www.rhodeislandelectionsproject.org/finance.html?slug=linda-l-ujifusa,Q2 2026 campaign finance filing
Senate,12,Louis DiPalma,DEM,Not on site,"April 1, 2026 to June 30, 2026",,https://www.rhodeislandelectionsproject.org/finance.html?slug=louis-dipalma,Q2 2026 campaign finance filing
Senate,13,Dawn Euer,DEM,Not on site,"April 1, 2026 to June 30, 2026",,https://www.rhodeislandelectionsproject.org/finance.html?slug=dawn-euer,Q2 2026 campaign finance filing
Senate,14,Brian G Coogan,IND,Not on site,,,,No finance record
Senate,14,Valarie Jean Lawson,DEM,Not on site,"April 1, 2026 to June 30, 2026",,https://www.rhodeislandelectionsproject.org/finance.html?slug=valarie-jean-lawson,Q2 2026 campaign finance filing
Senate,15,Meghan E Kallman,DEM,Not on site,"April 1, 2026 to June 30, 2026",,https://www.rhodeislandelectionsproject.org/finance.html?slug=meghan-e-kallman,Q2 2026 campaign finance filing
Senate,16,Jonathon Acosta,DEM,Not on site,"April 1, 2026 to June 30, 2026",,https://www.rhodeislandelectionsproject.org/finance.html?slug=jonathon-acosta,Q2 2026 campaign finance filing
Senate,17,Jina N Petrarca,IND,Not on site,,,,No finance record
Senate,17,John Douglas Barr II,IND,Not on site,,,,No finance record
Senate,17,Nelly Burdette,DEM,Not on site,"April 1, 2026 to June 30, 2026",,https://www.rhodeislandelectionsproject.org/finance.html?slug=nelly-burdette,Q2 2026 campaign finance filing
Senate,17,Thomas J Paolino,REP,Not on site,"April 1, 2026 to June 30, 2026",,https://www.rhodeislandelectionsproject.org/finance.html?slug=thomas-j-paolino,Q2 2026 campaign finance filing
Senate,18,Robert Britto,DEM,Not on site,"April 1, 2026 to June 30, 2026",,https://www.rhodeislandelectionsproject.org/finance.html?slug=robert-britto,Q2 2026 campaign finance filing
Senate,19,James D Purcell,IND,Not on site,,,,No finance record
Senate,19,Ryan W Pearson,DEM,Not on site,"April 1, 2026 to June 30, 2026",,https://www.rhodeislandelectionsproject.org/finance.html?slug=ryan-w-pearson,Q2 2026 campaign finance filing
Senate,20,Brian J Thompson,DEM,Not on site,"April 1, 2026 to June 30, 2026",,https://www.rhodeislandelectionsproject.org/finance.html?slug=brian-j-thompson,Q2 2026 campaign finance filing
Senate,21,Gordon E Rogers,REP,Not on site,"April 1, 2026 to June 30, 2026",,https://www.rhodeislandelectionsproject.org/finance.html?slug=gordon-e-rogers,Q2 2026 campaign finance filing
Senate,22,David P Tikoian,DEM,Not on site,"April 1, 2026 to June 30, 2026",,https://www.rhodeislandelectionsproject.org/finance.html?slug=david-p-tikoian,Q2 2026 campaign finance filing
Senate,23,Jessica de la Cruz,REP,Not on site,"April 1, 2026 to June 30, 2026",,https://www.rhodeislandelectionsproject.org/finance.html?slug=jessica-de-la-cruz,Q2 2026 campaign finance filing
Senate,24,Melissa Murray,DEM,Not on site,"April 1, 2026 to June 30, 2026",,https://www.rhodeislandelectionsproject.org/finance.html?slug=melissa-murray,Q2 2026 campaign finance filing
Senate,25,Andrew R Dimitri,DEM,Not on site,"April 1, 2026 to June 30, 2026",,https://www.rhodeislandelectionsproject.org/finance.html?slug=andrew-r-dimitri,Q2 2026 campaign finance filing
Senate,26,Todd M Patalano,DEM,Not on site,"April 1, 2026 to June 30, 2026",,https://www.rhodeislandelectionsproject.org/finance.html?slug=todd-m-patalano,Q2 2026 campaign finance filing
Senate,27,Hanna M Gallo,DEM,Not on site,"April 1, 2026 to June 30, 2026",,https://www.rhodeislandelectionsproject.org/finance.html?slug=hanna-m-gallo,Q2 2026 campaign finance filing
Senate,28,Lammis J Vargas,DEM,Not on site,"April 1, 2026 to June 30, 2026",,https://www.rhodeislandelectionsproject.org/finance.html?slug=lammis-j-vargas,Q2 2026 campaign finance filing
Senate,29,Peter A Appollonio Jr,DEM,Not on site,,,,No finance record
Senate,30,Mark McKenney,DEM,Not on site,"April 1, 2026 to June 30, 2026",,https://www.rhodeislandelectionsproject.org/finance.html?slug=mark-mckenney,Q2 2026 campaign finance filing
Senate,31,Matthew L LaMountain,DEM,Not on site,"April 1, 2026 to June 30, 2026",,https://www.rhodeislandelectionsproject.org/finance.html?slug=matthew-l-lamountain,Q2 2026 campaign finance filing
Senate,32,Pamela J Lauria,DEM,Not on site,"April 1, 2026 to June 30, 2026",,https://www.rhodeislandelectionsproject.org/finance.html?slug=pamela-j-lauria,Q2 2026 campaign finance filing
Senate,33,James P Pierson,REP,Not on site,"April 1, 2026 to June 30, 2026",,https://www.rhodeislandelectionsproject.org/finance.html?slug=james-p-pierson,Q2 2026 campaign finance filing
Senate,33,Leonidas Peter Raptakis,DEM,Not on site,"April 1, 2026 to June 30, 2026",,https://www.rhodeislandelectionsproject.org/finance.html?slug=leonidas-peter-raptakis,Q2 2026 campaign finance filing
Senate,34,Elaine J Morgan,REP,Not on site,"April 1, 2026 to June 30, 2026",,https://www.rhodeislandelectionsproject.org/finance.html?slug=elaine-j-morgan,Amended Q2 2026 campaign finance filing
Senate,34,Samantha R Wilcox,DEM,Not on site,6/30/2026,,https://www.rhodeislandelectionsproject.org/finance.html?slug=samantha-r-wilcox,6/30/2026
Senate,35,Bridget G Valverde,DEM,Not on site,"April 1, 2026 to June 30, 2026",,https://www.rhodeislandelectionsproject.org/finance.html?slug=bridget-g-valverde,Q2 2026 campaign finance filing
Senate,36,Alana M DiMario,DEM,Not on site,"April 1, 2026 to June 30, 2026",,https://www.rhodeislandelectionsproject.org/finance.html?slug=alana-m-dimario,Amended Q2 2026 campaign finance filing
Senate,37,Virginia Susan Sosnowski,DEM,Not on site,"April 1, 2026 to June 30, 2026",,https://www.rhodeislandelectionsproject.org/finance.html?slug=virginia-susan-sosnowski,Q2 2026 campaign finance filing
Senate,38,Victoria Gu,DEM,Not on site,"April 1, 2026 to June 30, 2026",,https://www.rhodeislandelectionsproject.org/finance.html?slug=victoria-gu,Q2 2026 campaign finance filing
Senate,38,Westin J Place,REP,Not on site,"April 1, 2026 to June 30, 2026",,https://www.rhodeislandelectionsproject.org/finance.html?slug=westin-j-place,Q2 2026 campaign finance filing
