name,chamber,district,party,cel_id,introduced,passed_chamber,became_law,cel_sles,riep_index,riep_rank,cel_rank,rank_difference,score_difference
"Abney, Marvin",house,73,D,17470,9,4,4,0.558660348,0.45311453965979215,60,57,3,-0.10554580834020783
"Carson, Lauren",house,75,D,17494,43,16,11,1.665117505,1.6337329718853113,12,12,0,-0.031384533114688695
"Brien, Jon D.",house,49,D,17488,14,3,2,0.366227934,0.3701179554301901,66,64,2,0.003890021430190127
"Blazejewski, Christopher",house,2,D,17486,4,4,4,0.336228815,0.3966811310819141,63,68,-5,0.06045231608191409
"Chippendale, Michael",house,40,R,17498,30,7,6,0.929474214,0.9022392670990117,39,36,3,-0.027234946900988266
"Ackerman, Mia",house,45,D,17471,19,10,8,0.989118855,0.9901901796398112,33,32,1,0.0010713246398111886
"Azzinaro, Samuel",house,37,D,17479,32,14,8,1.226301948,1.2822658791515966,22,22,0,0.0559639311515967
"Ajello, Edith",house,1,D,17472,21,8,3,0.751698803,0.6823571657034246,52,48,4,-0.06934163729657539
"Bennett, David",house,20,D,17484,39,14,9,1.344184849,1.4128190429132033,17,20,-3,0.06863419391320336
"Casey, Stephen",house,50,D,17496,35,10,9,1.131914632,1.2223234788415984,23,26,-3,0.09040884684159844
"Costantino, Gregory",house,44,D,17509,12,8,5,0.72344849,0.6838698137683986,51,51,0,-0.039578676231601384
"Casimiro, Julie",house,31,D,17497,53,18,15,1.882525114,2.0254597746560283,5,8,-3,0.14293466065602822
"Diaz, Grace",house,11,D,17523,26,8,7,0.875157089,0.9449761412916121,35,41,-6,0.06981905229161212
"Corvese, Arthur",house,55,D,17507,39,15,12,1.50105648,1.6037954274732609,14,14,0,0.10273894747326096
"Donovan, Susan",house,69,D,17526,32,12,10,1.209472615,1.3126842440521,21,23,-2,0.10321162905210013
"Edwards, John",house,70,D,17529,53,26,16,2.332055212,2.36770384082721,2,2,0,0.03564862882720998
"Fellela, Deborah",house,43,D,17533,21,8,7,0.897897634,0.888542732713734,40,39,1,-0.009354901286266037
"Craven, Robert",house,32,D,17514,52,20,17,2.268820951,2.1899402950502584,3,3,0,-0.07888065594974147
"McEntee, Hagan",house,33,D,17597,44,20,16,1.976159937,2.048100449573076,4,6,-2,0.07194051257307588
"Knight, Jason",house,67,D,17570,24,12,7,1.012447409,1.067751615069763,30,31,-1,0.05530420606976305
"Lima, Charlene",house,14,D,17577,22,1,1,0.363985677,0.3361905987975666,69,65,4,-0.027795078202433432
"Handy, Arthur",house,18,D,17556,22,9,8,0.952715072,0.9877130154842125,34,33,1,0.03499794348421248
"Lombardi, John",house,8,D,17579,53,4,2,0.912250297,0.846635751639965,42,37,5,-0.06561454536003508
"Fogarty, Kathleen",house,35,D,17539,34,12,7,1.16307886,1.1806184322255193,24,25,-1,0.017539572225519384
"Kazarian, Katherine",house,63,D,17565,21,11,10,1.116079064,1.1521935358784425,26,28,-2,0.03611447187844252
"Hull, Raymond",house,6,D,17559,18,9,5,0.762524915,0.787927113364178,44,47,-3,0.025402198364178008
"Morgan, Patricia",house,26,R,17612,26,0,0,0.334245598,0.2934537246049661,70,69,1,-0.04079187339503387
"Marszalkowski, Alex",house,52,D,17590,5,4,3,0.320652288,0.35642142104491237,67,70,-3,0.03576913304491236
"Newberry, Brian",house,48,R,17622,17,4,4,0.597908118,0.5434079933843972,56,54,2,-0.05450012461560283
"Messier, Mary",house,62,D,17606,12,4,3,0.40229589,0.4354281930539417,61,63,-2,0.033132303053941714
"Quattrocchi, Robert",house,41,R,17645,11,3,3,0.361477519,0.38780430203604055,64,66,-2,0.026326783036040524
"O'Brien, William",house,54,D,17624,47,7,6,1.1687488,1.0941128562637972,28,24,4,-0.07463594373620275
"Kennedy, Brian",house,38,D,17567,28,17,13,1.462309023,1.6038627389591573,13,16,-3,0.14155371595915733
"Perez, Ramon",house,13,D,17636,26,4,1,0.549100761,0.4903489535668458,59,58,1,-0.058751807433154224
"McNamara, Joseph",house,19,D,17601,56,20,10,1.928440902,1.8742622796445194,9,7,2,-0.054178622355480544
"Phillips, Robert",house,51,D,17639,19,8,4,0.691795122,0.7113301940248508,49,52,-3,0.01953507202485072
"Serpa, Patricia",house,27,D,17664,51,17,9,1.79791645,1.6572708514070875,11,10,1,-0.14064559859291248
"Solomon, Joseph",house,22,D,17677,54,19,13,1.878863019,1.9699908821687748,8,9,-1,0.09112786316877486
"Shekarchi, Joseph",house,23,D,17670,8,6,6,0.60872737,0.6175950600540224,54,53,1,0.008867690054022437
"Roberts, Sherry",house,29,R,17654,10,1,0,0.232604021,0.14920402645808178,74,72,2,-0.08339999454191821
"Shanley, Evan",house,24,D,17667,45,11,8,1.357519119,1.319981113547103,20,17,3,-0.037538005452897094
"Fenton-Fung, Barbara Ann",house,15,R,25378,11,1,1,0.220689588,0.21203709992623473,73,74,-1,-0.008652488073765258
"Slater, Scott",house,10,D,17674,43,19,11,1.670087865,1.7427445997922884,10,11,-1,0.0726567347922884
"Shallcross-Smith, Mary Ann",house,46,D,17666,20,4,3,0.525600863,0.5257216467785467,57,60,-3,0.00012078377854674027
"Tanzi, Teresa",house,34,D,17681,44,16,10,1.565483773,1.5934732618483098,15,13,2,0.027989488848309874
"Nardone, George",house,28,R,25388,16,1,1,0.28900578,0.2684705085041128,71,71,0,-0.020535271495887186
"Giraldo, Joshua",house,56,D,25399,35,7,5,0.905492036,0.9071262839243125,38,38,0,0.0016342479243125485
"Henries, Brianna",house,64,D,25381,18,4,3,0.546092291,0.5031482833473955,58,59,-1,-0.04294400765260453
"Speakman, June",house,68,D,25400,51,20,14,1.978325407,2.024014438076951,6,5,1,0.04568903107695088
"Felix, Leonela",house,61,D,25404,38,7,6,1.052779188,0.9925327208236165,32,30,2,-0.06024646717638338
"Alzate, Karen",house,60,D,25402,27,4,3,0.593245399,0.604728418787576,55,55,0,0.011483019787576043
"Potter, Brandon",house,16,D,25380,30,10,1,0.836679844,0.7535189362431017,47,44,3,-0.08316090775689822
"Place, David",house,47,R,25386,67,8,8,1.492025129,1.4592764833827898,16,15,1,-0.03274864561721014
"Baginski, Jacquelyn",house,17,D,25390,54,18,14,2.035062994,1.9852000646190266,7,4,3,-0.049862929380973364
"Vella-Wilkinson, Camille",house,21,D,17690,29,7,2,0.840286478,0.6847670183731267,50,43,7,-0.1555194596268733
"Morales, David",house,7,D,25385,70,7,2,1.352045151,1.1475209687117274,27,18,9,-0.20452418228827263
"Batista, Jose",house,12,D,25397,29,6,6,0.818597706,0.8546153760811104,41,46,-5,0.03601767008111034
"Caldwell, Justine",house,30,D,25401,18,10,7,0.939216317,0.9273571061716582,37,35,2,-0.011859210828341737
"Cardillo, Edward",house,42,D,25387,8,2,1,0.220854072,0.2145142640818334,72,73,-1,-0.006339807918166601
"Kislak, Rebecca",house,4,D,25415,32,11,8,1.12383795,1.1732542512446198,25,27,-2,0.04941630124461982
"McGaw, Michelle",house,71,D,25411,27,7,3,0.819959535,0.7137400466945528,48,45,3,-0.10621948830544714
"Biah, Nathan",house,3,D,25412,5,4,4,0.349892054,0.40796781279748967,62,67,-5,0.05807575879748966
"Boylan, Jennifer",house,66,D,26786,25,9,8,0.945886882,1.0215730606309394,31,34,-3,0.0756861786309394
"Dawson, Matthew",house,65,D,26790,29,14,5,1.104592468,1.0937666587471377,29,29,0,-0.010825809252862362
"Noret, Thomas",house,25,D,25420,44,13,7,1.31286731,1.3298224586836012,19,21,-2,0.016955148683601262
"Cotter, Megan",house,39,D,26788,33,7,3,0.847121528,0.7814601369880065,45,42,3,-0.06566139101199342
"Cortvriend, Terri-Denise",house,72,D,25419,54,22,20,2.380313656,2.4398272523437927,1,1,0,0.059513596343792496
"DeSimone, Anthony",house,5,D,26792,11,6,6,0.572659415,0.6514551052007492,53,56,-3,0.07879569020074928
"Cruz, Cherie",house,58,D,26789,29,5,5,0.740641574,0.7667317750262075,46,50,-4,0.026090201026207516
"Spears, Tina",house,36,D,26799,25,8,7,0.875492917,0.9336894595760364,36,40,-4,0.05819654257603646
"Stewart, Jennifer",house,59,D,26800,20,2,1,0.461870603,0.34995444466874087,68,61,7,-0.11191615833125912
"Sanchez, Enrique",house,9,D,26798,33,0,0,0.429888267,0.3724604966139955,65,62,3,-0.057427770386004495
"Rea, Brian",house,53,R,26797,9,0,0,0.122969145,0.10158013544018059,75,75,0,-0.021389009559819414
"Voas, Brandon",house,57,D,26803,23,14,12,1.345783638,1.3868713107217252,18,19,-1,0.04108767272172531
"Finkelman, Alex",house,74,D,26793,21,7,6,0.743446465,0.800659131658831,43,49,-6,0.05721266665883096
"DiPalma, Louis",senate,12,D,17525,96,32,24,1.971122976,1.8976984118203932,3,3,0,-0.07342456417960674
"Felag, Walter",senate,10,D,17532,56,27,18,1.278776968,1.3703041969517615,12,13,-1,0.09152722895176146
"Gallo, Hanna",senate,27,D,17544,64,34,25,1.677353608,1.74428764768511,4,6,-2,0.06693403968510991
"Ciccone, Frank",senate,7,D,17500,77,27,17,1.531071278,1.4861343127818774,9,9,0,-0.044936965218122626
"Lombardi, Frank",senate,26,D,17578,74,29,22,1.60764511,1.6381105683193278,6,7,-1,0.030465458319327787
"Cano, Sandra",senate,8,D,17491,79,34,13,1.569218862,1.522004139687316,8,8,0,-0.04721472231268398
"Goodwin, Maryellen",senate,1,D,17552,14,8,5,0.364691974,0.37937036504371746,35,35,0,0.014678391043717487
"Euer, Dawn",senate,13,D,17531,80,42,28,2.073358662,2.083209400851644,2,2,0,0.009850738851644003
"Paolino, Thomas",senate,17,R,17634,22,4,4,0.306348983,0.3322665393889299,36,36,0,0.025917556388929897
"Pearson, Ryan",senate,19,D,17635,21,11,9,0.540002495,0.5909714462723059,29,30,-1,0.05096895127230594
"Lombardo, Frank",senate,25,D,17580,6,4,4,0.196874202,0.2234230019739639,38,38,0,0.026548799973963894
"Morgan, Elaine",senate,34,R,17611,44,4,3,0.401673055,0.4548993763074811,34,34,0,0.05322632130748112
"Picard, Roger",senate,20,D,17640,31,6,6,0.424223024,0.48479436690652405,33,33,0,0.06057134290652405
"Miller, Joshua",senate,28,D,17608,49,26,12,1.127030987,1.1418983453367408,14,15,-1,0.01486735833674091
"Raptakis, Leonidas",senate,33,D,17648,55,10,7,0.769776954,0.7495852673912436,25,26,-1,-0.020191686608756365
"Quezada, Ana",senate,2,D,17646,41,9,5,0.598314935,0.5816684762652835,30,29,1,-0.016646458734716485
"Valverde, Bridget",senate,35,D,25382,52,19,15,1.135360143,1.1130150968464518,15,14,1,-0.022345046153548154
"Rogers, Gordon",senate,21,R,25389,41,10,8,0.67913193,0.6813741991801755,28,27,1,0.002242269180175449
"Mack, Tiara",senate,6,D,25421,67,14,12,1.0691707,1.0408516229228468,18,16,2,-0.028319077077153088
"Burke, John",senate,9,D,25394,35,11,9,0.636930618,0.6862095415104011,27,28,-1,0.049278923510401196
"Ruggerio, Dominick",senate,4,D,17656,32,21,17,1.048010812,1.06826401279942,16,18,-2,0.020253200799420057
"Sosnowski, V. Susan",senate,37,D,17678,56,25,20,1.318497576,1.3871089673381936,11,11,0,0.0686113913381936
"Acosta, Jonathon",senate,16,D,25396,49,22,8,1.039653417,0.9592916698933891,19,19,0,-0.08036174710661093
"Lauria, Pamela",senate,32,D,26796,36,21,15,1.065088689,1.0414208430991074,17,17,0,-0.023667845900892548
"Bell, Samuel",senate,5,D,25416,21,3,2,0.264223205,0.25278512241262957,37,37,0,-0.011438082587370446
"DiMario, Alana",senate,36,D,25377,84,43,27,2.113179753,2.1020179000121693,1,1,0,-0.011161852987830567
"De La Cruz, Jessica",senate,23,R,25393,57,11,11,0.796611569,0.8899234595100334,20,24,-4,0.09331189051003341
"Bissaillon, Jacob",senate,1,D,26785,45,14,9,0.840836282,0.8101106778961875,23,21,2,-0.03072560410381253
"Lawson, Valarie",senate,14,D,25422,48,24,16,1.281933101,1.2059544486887916,13,12,1,-0.07597865231120826
"Britto, Robert",senate,18,D,26787,29,19,11,0.813139382,0.84844440370433,21,22,-1,0.03530502170433003
"Deluca, Anthony",senate,29,R,26791,22,0,0,0.13346248,0.14965986394557823,39,39,0,0.016197383945578236
"Kallman, Meghan",senate,15,D,25409,65,9,7,0.940048862,0.7989878364417866,24,20,4,-0.14106102555821343
"Zurier, Samuel",senate,3,D,25417,34,8,6,0.53284772,0.5424518138394521,31,31,0,0.009604093839452044
"McKenney, Mark",senate,30,D,25407,67,25,19,1.378030937,1.4349118722839558,10,10,0,0.05688093528395588
"Ujifusa, Linda",senate,11,D,26802,44,5,4,0.50632992,0.500551045168319,32,32,0,-0.005778874831680936
"Murray, Melissa",senate,24,D,25410,60,31,21,1.697195529,1.5530947297218276,7,4,3,-0.14410079927817243
"Gu, Victoria",senate,38,D,26794,47,9,9,0.771082368,0.7305929109040038,26,25,1,-0.04048945709599616
"LaMountain, Matthew",senate,31,D,26795,73,33,21,1.696792168,1.6787793875391093,5,5,0,-0.01801278046089072
"Tikoian, David",senate,22,D,26801,38,14,12,0.804958766,0.843572711358221,22,23,-1,0.038613945358220936
